<application>
  <component name="com.intellij.ide.ui.customization.CustomActionsSchema">
    <group value="TrialStateWidget" is_action="true" action_type="-1" position="6">
      <path value="root" />
      <path value="主工具栏" />
      <path value="右侧" />
    </group>
    <group value="MainToolbarVCSGroup" is_group="true" forse_popup="false" action_type="-1" position="1">
      <path value="root" />
      <path value="主工具栏" />
      <path value="左侧" />
    </group>
    <group value="NewUiRunWidget" is_action="true" action_type="-1" position="1">
      <path value="root" />
      <path value="主工具栏" />
      <path value="右侧" />
    </group>
    <group value="main.toolbar.Project" is_action="true" action_type="-1" position="0">
      <path value="root" />
      <path value="主工具栏" />
      <path value="左侧" />
    </group>
    <group value="ExecutionTargetsToolbarGroup" is_group="true" forse_popup="false" action_type="-1" position="0">
      <path value="root" />
      <path value="主工具栏" />
      <path value="右侧" />
    </group>
    <group value="MainToolbarVCSGroup" is_group="true" forse_popup="false" action_type="1" position="3">
      <path value="root" />
      <path value="主工具栏" />
      <path value="左侧" />
    </group>
    <action id="MainMenu" icon="jar:file:/home/oroite/.local/share/JetBrains/PyCharm2025.2/Atom%20Material%20Icons/lib/common.jar!/icons/expui/toolbar/unknown.svg" />
  </component>
</application>