<application>
  <component name="ProjectJdkTable">
    <jdk version="2">
      <name value="Python 3.10 (PyCharmMiscProject)" />
      <type value="Python SDK" />
      <version value="Python 3.10.18" />
      <homePath value="$USER_HOME$/PyCharmMiscProject/.venv/Scripts/python.exe" />
      <roots>
        <classPath>
          <root type="composite">
            <root url="file://$USER_HOME$/AppData/Roaming/uv/python/cpython-3.10.18-windows-x86_64-none/DLLs" type="simple" />
            <root url="file://$USER_HOME$/AppData/Roaming/uv/python/cpython-3.10.18-windows-x86_64-none/Lib" type="simple" />
            <root url="file://$USER_HOME$/AppData/Roaming/uv/python/cpython-3.10.18-windows-x86_64-none" type="simple" />
            <root url="file://$USER_HOME$/PyCharmMiscProject/.venv" type="simple" />
            <root url="file://$USER_HOME$/PyCharmMiscProject/.venv/Lib/site-packages" type="simple" />
            <root url="file://$USER_HOME$/AppData/Local/JetBrains/PyCharm2025.1/python_stubs/-1196310177" type="simple" />
            <root url="file://$APPLICATION_HOME_DIR$/plugins/python-ce/helpers/python-skeletons" type="simple" />
            <root url="file://$APPLICATION_HOME_DIR$/plugins/python-ce/helpers/typeshed/stdlib" type="simple" />
          </root>
        </classPath>
        <sourcePath>
          <root type="composite" />
        </sourcePath>
      </roots>
      <additional ASSOCIATED_PROJECT_PATH="$USER_HOME$/PyCharmMiscProject" SDK_UUID="b66cf4b5-19dc-42da-87fc-22444c1040fa">
        <setting name="FLAVOR_ID" value="VirtualEnvSdkFlavor" />
        <setting name="FLAVOR_DATA" value="{}" />
      </additional>
    </jdk>
    <jdk version="2">
      <name value="uv (k8sSchedule)" />
      <type value="Python SDK" />
      <version value="Python 3.10.18" />
      <homePath value="D:/all-kinds-of-learning/projectTest/pythonTest/k8sSchedule/.venv/Scripts/python.exe" />
      <roots>
        <classPath>
          <root type="composite">
            <root url="file://$USER_HOME$/AppData/Roaming/uv/python/cpython-3.10.18-windows-x86_64-none/DLLs" type="simple" />
            <root url="file://$USER_HOME$/AppData/Roaming/uv/python/cpython-3.10.18-windows-x86_64-none/Lib" type="simple" />
            <root url="file://$USER_HOME$/AppData/Roaming/uv/python/cpython-3.10.18-windows-x86_64-none" type="simple" />
            <root url="file://D:/all-kinds-of-learning/projectTest/pythonTest/k8sSchedule/.venv" type="simple" />
            <root url="file://D:/all-kinds-of-learning/projectTest/pythonTest/k8sSchedule/.venv/Lib/site-packages" type="simple" />
            <root url="file://$USER_HOME$/AppData/Local/JetBrains/PyCharm2025.1/python_stubs/1541893906" type="simple" />
            <root url="file://$APPLICATION_HOME_DIR$/plugins/python-ce/helpers/python-skeletons" type="simple" />
            <root url="file://$APPLICATION_HOME_DIR$/plugins/python-ce/helpers/typeshed/stdlib" type="simple" />
          </root>
        </classPath>
        <sourcePath>
          <root type="composite" />
        </sourcePath>
      </roots>
      <additional ASSOCIATED_PROJECT_PATH="D:/all-kinds-of-learning/projectTest/pythonTest/k8sSchedule" SDK_UUID="98ccfdfe-de4e-46cc-85f1-048cd3dbb63f" IS_UV="true">
        <setting name="FLAVOR_ID" value="UvSdkFlavor" />
        <setting name="FLAVOR_DATA" value="{}" />
      </additional>
    </jdk>
    <jdk version="2">
      <name value="Python 3.10 virtualenv at D:\all-kinds-of-learning\projectTest\pythonTest\NetworkTrafficAnomalyDetectionSystem\.venv" />
      <type value="Python SDK" />
      <version value="Python 3.10.18" />
      <homePath value="D:/all-kinds-of-learning/projectTest/pythonTest/NetworkTrafficAnomalyDetectionSystem/.venv/Scripts/python.exe" />
      <roots>
        <classPath>
          <root type="composite">
            <root url="file://$USER_HOME$/AppData/Roaming/uv/python/cpython-3.10.18-windows-x86_64-none/DLLs" type="simple" />
            <root url="file://$USER_HOME$/AppData/Roaming/uv/python/cpython-3.10.18-windows-x86_64-none/Lib" type="simple" />
            <root url="file://$USER_HOME$/AppData/Roaming/uv/python/cpython-3.10.18-windows-x86_64-none" type="simple" />
            <root url="file://D:/all-kinds-of-learning/projectTest/pythonTest/NetworkTrafficAnomalyDetectionSystem/.venv" type="simple" />
            <root url="file://D:/all-kinds-of-learning/projectTest/pythonTest/NetworkTrafficAnomalyDetectionSystem/.venv/Lib/site-packages" type="simple" />
            <root url="file://D:/all-kinds-of-learning/projectTest/pythonTest/NetworkTrafficAnomalyDetectionSystem/.venv/Lib/site-packages/win32" type="simple" />
            <root url="file://D:/all-kinds-of-learning/projectTest/pythonTest/NetworkTrafficAnomalyDetectionSystem/.venv/Lib/site-packages/win32/lib" type="simple" />
            <root url="file://D:/all-kinds-of-learning/projectTest/pythonTest/NetworkTrafficAnomalyDetectionSystem/.venv/Lib/site-packages/pythonwin" type="simple" />
            <root url="file://$USER_HOME$/AppData/Local/JetBrains/PyCharm2025.1/python_stubs/823851153" type="simple" />
            <root url="file://$APPLICATION_HOME_DIR$/plugins/python-ce/helpers/python-skeletons" type="simple" />
            <root url="file://$APPLICATION_HOME_DIR$/plugins/python-ce/helpers/typeshed/stdlib" type="simple" />
            <root url="file://$APPLICATION_HOME_DIR$/plugins/python-ce/helpers/typeshed/stubs/six" type="simple" />
            <root url="file://$APPLICATION_HOME_DIR$/plugins/python-ce/helpers/typeshed/stubs/cffi" type="simple" />
            <root url="file://$APPLICATION_HOME_DIR$/plugins/python-ce/helpers/typeshed/stubs/pytz" type="simple" />
            <root url="file://$APPLICATION_HOME_DIR$/plugins/python-ce/helpers/typeshed/stubs/bleach" type="simple" />
            <root url="file://$APPLICATION_HOME_DIR$/plugins/python-ce/helpers/typeshed/stubs/Pillow" type="simple" />
            <root url="file://$APPLICATION_HOME_DIR$/plugins/python-ce/helpers/typeshed/stubs/psutil" type="simple" />
            <root url="file://$APPLICATION_HOME_DIR$/plugins/python-ce/helpers/typeshed/stubs/PyYAML" type="simple" />
            <root url="file://$APPLICATION_HOME_DIR$/plugins/python-ce/helpers/typeshed/stubs/pywin32" type="simple" />
            <root url="file://$APPLICATION_HOME_DIR$/plugins/python-ce/helpers/typeshed/stubs/seaborn" type="simple" />
            <root url="file://$APPLICATION_HOME_DIR$/plugins/python-ce/helpers/typeshed/stubs/colorama" type="simple" />
            <root url="file://$APPLICATION_HOME_DIR$/plugins/python-ce/helpers/typeshed/stubs/html5lib" type="simple" />
            <root url="file://$APPLICATION_HOME_DIR$/plugins/python-ce/helpers/typeshed/stubs/Pygments" type="simple" />
            <root url="file://$APPLICATION_HOME_DIR$/plugins/python-ce/helpers/typeshed/stubs/requests" type="simple" />
            <root url="file://$APPLICATION_HOME_DIR$/plugins/python-ce/helpers/typeshed/stubs/decorator" type="simple" />
            <root url="file://$APPLICATION_HOME_DIR$/plugins/python-ce/helpers/typeshed/stubs/defusedxml" type="simple" />
            <root url="file://$APPLICATION_HOME_DIR$/plugins/python-ce/helpers/typeshed/stubs/jsonschema" type="simple" />
            <root url="file://$APPLICATION_HOME_DIR$/plugins/python-ce/helpers/typeshed/stubs/Send2Trash" type="simple" />
            <root url="file://$APPLICATION_HOME_DIR$/plugins/python-ce/helpers/typeshed/stubs/setuptools" type="simple" />
            <root url="file://$APPLICATION_HOME_DIR$/plugins/python-ce/helpers/typeshed/stubs/beautifulsoup4" type="simple" />
          </root>
        </classPath>
        <sourcePath>
          <root type="composite" />
        </sourcePath>
      </roots>
      <additional SDK_UUID="7e0ed93f-0148-400a-b030-f8d096e22b7a">
        <setting name="FLAVOR_ID" value="VirtualEnvSdkFlavor" />
        <setting name="FLAVOR_DATA" value="{}" />
      </additional>
    </jdk>
    <jdk version="2">
      <name value="Python 3.12 (spam_classification)" />
      <type value="Python SDK" />
      <version value="Python 3.12.11" />
      <homePath value="D:/all-kinds-of-learning/projectTest/pythonTest/spam_classification/.venv/Scripts/python.exe" />
      <roots>
        <classPath>
          <root type="composite">
            <root url="file://$USER_HOME$/AppData/Roaming/uv/python/cpython-3.12.11-windows-x86_64-none/DLLs" type="simple" />
            <root url="file://$USER_HOME$/AppData/Roaming/uv/python/cpython-3.12.11-windows-x86_64-none/Lib" type="simple" />
            <root url="file://$USER_HOME$/AppData/Roaming/uv/python/cpython-3.12.11-windows-x86_64-none" type="simple" />
            <root url="file://D:/all-kinds-of-learning/projectTest/pythonTest/spam_classification/.venv" type="simple" />
            <root url="file://D:/all-kinds-of-learning/projectTest/pythonTest/spam_classification/.venv/Lib/site-packages" type="simple" />
            <root url="file://$USER_HOME$/AppData/Local/JetBrains/PyCharm2025.1/python_stubs/714258163" type="simple" />
            <root url="file://$APPLICATION_HOME_DIR$/plugins/python-ce/helpers/python-skeletons" type="simple" />
            <root url="file://$APPLICATION_HOME_DIR$/plugins/python-ce/helpers/typeshed/stdlib" type="simple" />
            <root url="file://$APPLICATION_HOME_DIR$/plugins/python-ce/helpers/typeshed/stubs/six" type="simple" />
            <root url="file://$APPLICATION_HOME_DIR$/plugins/python-ce/helpers/typeshed/stubs/pytz" type="simple" />
            <root url="file://$APPLICATION_HOME_DIR$/plugins/python-ce/helpers/typeshed/stubs/Pillow" type="simple" />
            <root url="file://$APPLICATION_HOME_DIR$/plugins/python-ce/helpers/typeshed/stubs/networkx" type="simple" />
            <root url="file://$APPLICATION_HOME_DIR$/plugins/python-ce/helpers/typeshed/stubs/setuptools" type="simple" />
            <root url="file://$APPLICATION_HOME_DIR$/plugins/python-ce/helpers/typeshed/stubs/beautifulsoup4" type="simple" />
            <root url="file://$APPLICATION_HOME_DIR$/plugins/python-ce/helpers/typeshed/stubs/python-dateutil" type="simple" />
          </root>
        </classPath>
        <sourcePath>
          <root type="composite" />
        </sourcePath>
      </roots>
      <additional ASSOCIATED_PROJECT_PATH="D:/all-kinds-of-learning/projectTest/pythonTest/spam_classification" SDK_UUID="2e7a6ab5-f9f0-4b78-8dbe-9c5e4fe80fbc">
        <setting name="FLAVOR_ID" value="UnknownFlavor" />
        <setting name="FLAVOR_DATA" value="{}" />
      </additional>
    </jdk>
    <jdk version="2">
      <name value="Python 3.13 (NN-learning)" />
      <type value="Python SDK" />
      <version value="Python 3.13.5" />
      <homePath value="D:/all-kinds-of-learning/projectTest/pythonTest/NN-learning/.venv/Scripts/python.exe" />
      <roots>
        <classPath>
          <root type="composite">
            <root url="file://$USER_HOME$/AppData/Roaming/uv/python/cpython-3.13.5-windows-x86_64-none/DLLs" type="simple" />
            <root url="file://$USER_HOME$/AppData/Roaming/uv/python/cpython-3.13.5-windows-x86_64-none/Lib" type="simple" />
            <root url="file://$USER_HOME$/AppData/Roaming/uv/python/cpython-3.13.5-windows-x86_64-none" type="simple" />
            <root url="file://D:/all-kinds-of-learning/projectTest/pythonTest/NN-learning/.venv" type="simple" />
            <root url="file://D:/all-kinds-of-learning/projectTest/pythonTest/NN-learning/.venv/Lib/site-packages" type="simple" />
            <root url="file://$USER_HOME$/AppData/Local/JetBrains/PyCharm2025.1/python_stubs/-349217820" type="simple" />
            <root url="file://$APPLICATION_HOME_DIR$/plugins/python-ce/helpers/python-skeletons" type="simple" />
            <root url="file://$APPLICATION_HOME_DIR$/plugins/python-ce/helpers/typeshed/stdlib" type="simple" />
            <root url="file://$APPLICATION_HOME_DIR$/plugins/python-ce/helpers/typeshed/stubs/six" type="simple" />
            <root url="file://$APPLICATION_HOME_DIR$/plugins/python-ce/helpers/typeshed/stubs/tqdm" type="simple" />
            <root url="file://$APPLICATION_HOME_DIR$/plugins/python-ce/helpers/typeshed/stubs/Pillow" type="simple" />
            <root url="file://$APPLICATION_HOME_DIR$/plugins/python-ce/helpers/typeshed/stubs/colorama" type="simple" />
            <root url="file://$APPLICATION_HOME_DIR$/plugins/python-ce/helpers/typeshed/stubs/networkx" type="simple" />
            <root url="file://$APPLICATION_HOME_DIR$/plugins/python-ce/helpers/typeshed/stubs/setuptools" type="simple" />
            <root url="file://$APPLICATION_HOME_DIR$/plugins/python-ce/helpers/typeshed/stubs/python-dateutil" type="simple" />
          </root>
        </classPath>
        <sourcePath>
          <root type="composite" />
        </sourcePath>
      </roots>
      <additional ASSOCIATED_PROJECT_PATH="D:/all-kinds-of-learning/projectTest/pythonTest/NN-learning" SDK_UUID="9e4de5e2-e853-4ccb-b968-bc25375e277c">
        <setting name="FLAVOR_ID" value="UnknownFlavor" />
        <setting name="FLAVOR_DATA" value="{}" />
      </additional>
    </jdk>
  </component>
</application>