<application>
  <component name="ProjectManager">
    <defaultProject>
      <component name="Encoding" native2AsciiForPropertiesFiles="true" defaultCharsetForPropertiesFiles="UTF-8" />
      <component name="GOROOT" url="file://$USER_HOME$/sdk/go1.24.4" />
      <component name="PropertiesComponent"><![CDATA[{
  "keyToString": {
    "go.import.settings.migrated": "true",
    "settings.editor.selected.configurable": "go.sdk"
  }
}]]></component>
      <component name="TaskManager">
        <task active="true" id="Default" summary="默认任务">
          <created>1750992393104</created>
          <option name="number" value="Default" />
          <option name="presentableId" value="Default" />
          <updated>1750992393104</updated>
          <workItem from="1750992395720" duration="50000" />
        </task>
        <servers />
      </component>
      <component name="WindowStateProjectService">
        <state x="270" y="10" key="SettingsEditor" timestamp="1750992836048">
          <screen x="0" y="0" width="1536" height="816" />
        </state>
        <state x="270" y="10" key="SettingsEditor/0.0.1536.816" timestamp="1750992836048" />
        <state x="368" y="0" width="800" height="812" key="new project wizard" timestamp="1750992445508">
          <screen x="0" y="0" width="1536" height="816" />
        </state>
        <state x="368" y="0" width="800" height="812" key="new project wizard/0.0.1536.816" timestamp="1750992445508" />
      </component>
      <component name="masterDetails">
        <states>
          <state key="ScopeChooserConfigurable.UI">
            <settings>
              <splitter-proportions>
                <option name="proportions">
                  <list>
                    <option value="0.2" />
                  </list>
                </option>
              </splitter-proportions>
            </settings>
          </state>
        </states>
      </component>
    </defaultProject>
  </component>
</application>