<application>
  <component name="Trusted.Paths">
    <option name="TRUSTED_PROJECT_PATHS">
      <map>
        <entry key="D:\all-kinds-of-learning\projectTest\goTest\GolangTraining" value="true" />
        <entry key="D:\all-kinds-of-learning\projectTest\goTest\calculator" value="true" />
        <entry key="D:\all-kinds-of-learning\projectTest\goTest\go-learning" value="true" />
        <entry key="D:\all-kinds-of-learning\projectTest\goTest\go-learnning" value="true" />
        <entry key="D:\all-kinds-of-learning\projectTest\goTest\skland" value="true" />
        <entry key="D:\all-kinds-of-learning\projectTest\pythonTest\NN-learning" value="true" />
        <entry key="D:\all-kinds-of-learning\projectTest\pythonTest\NetworkTrafficAnomalyDetectionSystem" value="true" />
        <entry key="D:\all-kinds-of-learning\projectTest\pythonTest\k8sSchedule" value="true" />
        <entry key="D:\all-kinds-of-learning\projectTest\pythonTest\spam_classification" value="true" />
      </map>
    </option>
  </component>
  <component name="Trusted.Paths.Settings">
    <option name="TRUSTED_PATHS">
      <list>
        <option value="D:\all-kinds-of-learning\projectTest\goTest" />
        <option value="D:\all-kinds-of-learning\projectTest\pythonTest" />
      </list>
    </option>
  </component>
</application>