<application>
  <component name="DimensionService">
    <location key="find.popup.0.0.1920.1080" x="722" y="0" />
    <size key="GridCell.Tab.0.left.0.0.1920.1080@120dpi" width="1272" height="283" />
    <size key="GridCell.Tab.0.center.0.0.1920.1080@120dpi" width="1272" height="283" />
    <size key="GridCell.Tab.0.right.0.0.1920.1080@120dpi" width="1272" height="283" />
    <size key="GridCell.Tab.0.bottom.0.0.1920.1080@120dpi" width="1272" height="283" />
    <size key="GridCell.Tab.0.left.0.0.1920.1080" width="1838" height="297" />
    <size key="GridCell.Tab.0.center.0.0.1920.1080" width="1838" height="297" />
    <size key="GridCell.Tab.0.right.0.0.1920.1080" width="1838" height="297" />
    <size key="GridCell.Tab.0.bottom.0.0.1920.1080" width="1838" height="297" />
    <size key="find.popup.0.0.1920.1080" width="641" height="1032" />
  </component>
  <component name="WindowManager">
    <frame x="-8" y="-8" width="1936" height="1048" extendedState="6" />
  </component>
  <component name="WindowStateApplicationService">
    <state x="550" y="68" key="#HTTP_代理" timestamp="1752246833523">
      <screen x="0" y="0" width="1536" height="816" />
    </state>
    <state x="550" y="68" key="#HTTP_代理/0.0.1536.816" timestamp="1752246833523" />
    <state width="345" height="115" key="ShowUsagesActions.dimensionServiceKey" timestamp="1757080786994">
      <screen x="0" y="0" width="1536" height="816" />
    </state>
    <state width="345" height="115" key="ShowUsagesActions.dimensionServiceKey/0.0.1536.816" timestamp="1757080786994" />
    <state x="960" y="519" width="1938" height="1050" key="WELCOME_SCREEN" timestamp="1758860841350">
      <screen x="0" y="0" width="1920" height="1032" />
    </state>
    <state x="768" y="411" width="1550" height="830" key="WELCOME_SCREEN/0.0.1536.816" timestamp="1757080313667" />
    <state x="960" y="519" width="1938" height="1050" key="WELCOME_SCREEN/0.0.1920.1032" timestamp="1758860841350" />
    <state x="501" y="430" key="ide.config.custom.settings" timestamp="1758850042476">
      <screen x="0" y="0" width="1920" height="1032" />
    </state>
    <state x="501" y="430" key="ide.config.custom.settings/0.0.1920.1032" timestamp="1758850042476" />
  </component>
</application>